part,part_var,time,condition,event_var,var
1,-0.002253014162703127,250,vs_right,0.002195182548994956,-5.7831613708170596e-05
1,-0.002253014162703127,750,vs_left,0.006340409590032065,0.0040873954273289385
1,-0.002253014162703127,1250,vs_right,0.010783307240613783,0.008530293077910657
1,-0.002253014162703127,1750,vs_left,0.0222098920201169,0.019956877857413773
1,-0.002253014162703127,2250,vs_right,0.011153129518287697,0.00890011535558457
1,-0.002253014162703127,2750,vs_left,0.004595173669527475,0.0023421595068243485
1,-0.002253014162703127,3250,vs_right,-0.0016811055432811553,-0.003934119705984282
1,-0.002253014162703127,3750,vs_left,-0.00044250614245942843,-0.0026955203051625552
1,-0.002253014162703127,4250,vs_right,-0.01110864596256658,-0.013361660125269707
1,-0.002253014162703127,4750,vs_left,-0.011164827649818016,-0.013417841812521142
1,-0.002253014162703127,5250,vs_right,0.006404996724710126,0.0041519825620069985
1,-0.002253014162703127,5750,vs_left,-0.042572044203124694,-0.04482505836582782
1,-0.002253014162703127,6250,vs_right,-0.007049282576682575,-0.009302296739385702
1,-0.002253014162703127,6750,vs_left,-0.024179754569009705,-0.02643276873171283
1,-0.002253014162703127,7250,vs_right,0.03481756414560252,0.03256454998289939
1,-0.002253014162703127,7750,vs_left,-0.002466037704847732,-0.004719051867550859
1,-0.002253014162703127,8250,vs_right,0.0017008277839685633,-0.0005521863787345635
1,-0.002253014162703127,8750,vs_left,0.018248672839814194,0.015995658677111068
1,-0.002253014162703127,9250,vs_right,-0.04194915105580012,-0.044202165218503245
1,-0.002253014162703127,9750,vs_left,0.010687226755059414,0.008434212592356287
1,-0.002253014162703127,10250,vs_right,-0.018637664119498725,-0.02089067828220185
1,-0.002253014162703127,10750,vs_left,-0.011064948528878737,-0.013317962691581864
1,-0.002253014162703127,11250,vs_right,-0.017418975821396218,-0.019671989984099345
1,-0.002253014162703127,11750,vs_left,-0.01353756325864481,-0.015790577421347936
1,-0.002253014162703127,12250,vs_right,0.031825747212791904,0.029572733050088777
1,-0.002253014162703127,12750,vs_left,0.01248900979881264,0.010235995636109513
1,-0.002253014162703127,13250,vs_right,0.025763048856211154,0.023510034693508028
1,-0.002253014162703127,13750,vs_left,0.010383861084257942,0.008130846921554816
1,-0.002253014162703127,14250,vs_right,0.030142501295690752,0.027889487132987625
1,-0.002253014162703127,14750,vs_left,-0.009523367869513346,-0.011776382032216473
1,-0.002253014162703127,15250,vs_right,-0.003346708560845494,-0.005599722723548621
1,-0.002253014162703127,15750,vs_left,0.033746461465974,0.031493447303270874
1,-0.002253014162703127,16250,vs_right,-0.023153081184168055,-0.02540609534687118
1,-0.002253014162703127,16750,vs_left,-0.008660437441348024,-0.01091345160405115
1,-0.002253014162703127,17250,vs_right,0.008737532651429146,0.00648451848872602
1,-0.002253014162703127,17750,vs_left,-0.0396883198656034,-0.04194133402830653
1,-0.002253014162703127,18250,vs_right,-0.03139354309835923,-0.03364655726106236
1,-0.002253014162703127,18750,vs_left,0.021890201991175428,0.0196371878284723
1,-0.002253014162703127,19250,vs_right,-0.012628734589485905,-0.014881748752189032
1,-0.002253014162703127,19750,vs_left,0.016852405378351466,0.01459939121564834
2,-0.010429912681911842,250,vs_right,0.018041295419131735,0.007611382737219893
2,-0.010429912681911842,750,vs_left,-0.02543591783851884,-0.035865830520430686
2,-0.010429912681911842,1250,vs_right,0.0033307719435633886,-0.007099140738348454
2,-0.010429912681911842,1750,vs_left,0.01919591163813694,0.008765998956225096
2,-0.010429912681911842,2250,vs_right,0.010023269985108628,-0.00040664269680321455
2,-0.010429912681911842,2750,vs_left,0.02219551865085542,0.011765605968943577
2,-0.010429912681911842,3250,vs_right,-0.03607895638041214,-0.04650886906232399
2,-0.010429912681911842,3750,vs_left,-0.010648642599605766,-0.021078555281517607
2,-0.010429912681911842,4250,vs_right,0.02724244402054904,0.016812531338637197
2,-0.010429912681911842,4750,vs_left,-0.0017614630247999915,-0.012191375706711834
2,-0.010429912681911842,5250,vs_right,-0.01222719224855363,-0.022657104930465473
2,-0.010429912681911842,5750,vs_left,0.005067710283748414,-0.005362202398163428
2,-0.010429912681911842,6250,vs_right,-0.008329255276978587,-0.01875916795889043
2,-0.010429912681911842,6750,vs_left,-0.001826179077838414,-0.012256091759750256
2,-0.010429912681911842,7250,vs_right,0.054541222105529,0.04411130942361716
2,-0.010429912681911842,7750,vs_left,0.008901822828712628,-0.0015280898531992142
2,-0.010429912681911842,8250,vs_right,-0.007258588712304323,-0.017688501394216165
2,-0.010429912681911842,8750,vs_left,-0.015644147359475443,-0.026074060041387286
2,-0.010429912681911842,9250,vs_right,-0.022597550320742604,-0.033027463002654446
2,-0.010429912681911842,9750,vs_left,0.0036503537782577294,-0.006779558903654113
2,-0.010429912681911842,10250,vs_right,0.013435795448348657,0.0030058827664368147
2,-0.010429912681911842,10750,vs_left,0.02127373578372503,0.010843823101813189
2,-0.010429912681911842,11250,vs_right,0.0032954740017931555,-0.007134438680118687
2,-0.010429912681911842,11750,vs_left,-0.02872074248750315,-0.03915065516941499
2,-0.010429912681911842,12250,vs_right,0.022229424809865006,0.011799512127953164
2,-0.010429912681911842,12750,vs_left,0.019495257118040468,0.009065344436128626
2,-0.010429912681911842,13250,vs_right,0.03631344046078328,0.02588352777887144
2,-0.010429912681911842,13750,vs_left,0.02384677570693424,0.013416863025022398
2,-0.010429912681911842,14250,vs_right,-0.03579595631257962,-0.046225868994491465
2,-0.010429912681911842,14750,vs_left,-0.0003031682738226411,-0.010733080955734484
2,-0.010429912681911842,15250,vs_right,0.049794673713481036,0.03936476103156919
2,-0.010429912681911842,15750,vs_left,0.03971257928997706,0.02928266660806522
2,-0.010429912681911842,16250,vs_right,-0.0146023213140192,-0.02503223399593104
2,-0.010429912681911842,16750,vs_left,-0.02308946966299013,-0.03351938234490197
2,-0.010429912681911842,17250,vs_right,0.020673252483748496,0.010243339801836653
2,-0.010429912681911842,17750,vs_left,-0.00567491899630136,-0.0161048316782132
2,-0.010429912681911842,18250,vs_right,-0.01588709760435014,-0.02631701028626198
2,-0.010429912681911842,18750,vs_left,-0.0008948769205694012,-0.011324789602481244
2,-0.010429912681911842,19250,vs_right,0.010647874638556362,0.0002179619566445197
2,-0.010429912681911842,19750,vs_left,-0.046428622153592634,-0.05685853483550447
3,-0.009331097310008762,250,vs_right,0.013732053040006334,0.004400955729997573
3,-0.009331097310008762,750,vs_left,0.029844957774612765,0.020513860464604003
3,-0.009331097310008762,1250,vs_right,0.0012255788192686344,-0.008105518490740128
3,-0.009331097310008762,1750,vs_left,0.026902303321265253,0.01757120601125649
3,-0.009331097310008762,2250,vs_right,0.011166086938239795,0.0018349896282310336
3,-0.009331097310008762,2750,vs_left,0.015150086370149557,0.005818989060140795
3,-0.009331097310008762,3250,vs_right,0.007910180586329188,-0.001420916723679574
3,-0.009331097310008762,3750,vs_left,0.03710028962192579,0.02776919231191703
3,-0.009331097310008762,4250,vs_right,-0.025220223366372307,-0.03455132067638107
3,-0.009331097310008762,4750,vs_left,0.031905286891131056,0.022574189581122294
3,-0.009331097310008762,5250,vs_right,0.000573790500280185,-0.008757306809728577
3,-0.009331097310008762,5750,vs_left,-0.022748679155847912,-0.03207977646585668
3,-0.009331097310008762,6250,vs_right,-0.016665024718778083,-0.025996122028786844
3,-0.009331097310008762,6750,vs_left,-0.013370558057480884,-0.022701655367489644
3,-0.009331097310008762,7250,vs_right,-0.001067011696181225,-0.010398109006189987
3,-0.009331097310008762,7750,vs_left,0.026344061643476198,0.017012964333467436
3,-0.009331097310008762,8250,vs_right,-0.006837470688973496,-0.01616856799898226
3,-0.009331097310008762,8750,vs_left,0.014347931963566506,0.005016834653557744
3,-0.009331097310008762,9250,vs_right,0.022174757298709546,0.012843659988700785
3,-0.009331097310008762,9750,vs_left,0.04114637904682777,0.03181528173681901
3,-0.009331097310008762,10250,vs_right,0.020108595271524213,0.010777497961515451
3,-0.009331097310008762,10750,vs_left,0.031518844989663966,0.022187747679655204
3,-0.009331097310008762,11250,vs_right,0.008294151200781556,-0.0010369461092272058
3,-0.009331097310008762,11750,vs_left,0.021607522073357553,0.012276424763348791
3,-0.009331097310008762,12250,vs_right,-0.013667970102811074,-0.022999067412819835
3,-0.009331097310008762,12750,vs_left,0.02305563286666589,0.01372453555665713
3,-0.009331097310008762,13250,vs_right,-0.022241379823718765,-0.03157247713372753
3,-0.009331097310008762,13750,vs_left,-0.020663969001358085,-0.029995066311366846
3,-0.009331097310008762,14250,vs_right,0.007539293704995726,-0.001791803605013036
3,-0.009331097310008762,14750,vs_left,-0.02064887254122427,-0.02997996985123303
3,-0.009331097310008762,15250,vs_right,-0.0226043015380818,-0.03193539884809056
3,-0.009331097310008762,15750,vs_left,0.02602842470780516,0.016697327397796398
3,-0.009331097310008762,16250,vs_right,-0.01335020228001081,-0.02268129959001957
3,-0.009331097310008762,16750,vs_left,-0.053768691198964616,-0.06309978850897338
3,-0.009331097310008762,17250,vs_right,-0.008807013728452131,-0.018138111038460893
3,-0.009331097310008762,17750,vs_left,-0.025657383963435327,-0.03498848127344409
3,-0.009331097310008762,18250,vs_right,0.040910752025127645,0.03157965471511888
3,-0.009331097310008762,18750,vs_left,-0.014620848430773685,-0.023951945740782445
3,-0.009331097310008762,19250,vs_right,0.020639123309616286,0.011308025999607525
3,-0.009331097310008762,19750,vs_left,0.0275236457115873,0.018192548401578537
4,0.03535144174372369,250,vs_right,-0.04621350124723316,-0.01086205950350947
4,0.03535144174372369,750,vs_left,-0.03492657678994236,0.0004248649537813287
4,0.03535144174372369,1250,vs_right,0.03934974080489627,0.07470118254861996
4,0.03535144174372369,1750,vs_left,-0.003842171611130719,0.03150927013259297
4,0.03535144174372369,2250,vs_right,-0.00041377970957647437,0.034937662034147214
4,0.03535144174372369,2750,vs_left,0.01200868885041622,0.04736013059413991
4,0.03535144174372369,3250,vs_right,0.028018113365418564,0.06336955510914226
4,0.03535144174372369,3750,vs_left,0.021957371371702995,0.05730881311542668
4,0.03535144174372369,4250,vs_right,-0.011591459951162513,0.023759981792561176
4,0.03535144174372369,4750,vs_left,-0.016527550784812804,0.018823890958910888
4,0.03535144174372369,5250,vs_right,0.0404493682786234,0.07580081002234709
4,0.03535144174372369,5750,vs_left,-0.023791680429236014,0.011559761314487677
4,0.03535144174372369,6250,vs_right,-0.04156628734566273,-0.006214845601939037
4,0.03535144174372369,6750,vs_left,-0.014442318626765819,0.020909123116957872
4,0.03535144174372369,7250,vs_right,-0.00869591528048602,0.02665552646323767
4,0.03535144174372369,7750,vs_left,0.012290958056145752,0.04764239979986944
4,0.03535144174372369,8250,vs_right,0.00908016789950915,0.04443160964323284
4,0.03535144174372369,8750,vs_left,-0.007603545286429512,0.02774789645729418
4,0.03535144174372369,9250,vs_right,0.06324529186483724,0.09859673360856093
4,0.03535144174372369,9750,vs_left,0.01122538293401451,0.0465768246777382
4,0.03535144174372369,10250,vs_right,0.01961753313665186,0.054968974880375554
4,0.03535144174372369,10750,vs_left,0.01230440622669726,0.04765584797042095
4,0.03535144174372369,11250,vs_right,-0.028924030904159022,0.006427410839564669
4,0.03535144174372369,11750,vs_left,-0.010653426058834669,0.024698015684889024
4,0.03535144174372369,12250,vs_right,-0.026208901145840253,0.009142540597883438
4,0.03535144174372369,12750,vs_left,0.01631720739136291,0.051668649135086606
4,0.03535144174372369,13250,vs_right,0.038652634418658294,0.07400407616238198
4,0.03535144174372369,13750,vs_left,-0.02098739693572449,0.014364044807999202
4,0.03535144174372369,14250,vs_right,0.003918302889067208,0.0392697446327909
4,0.03535144174372369,14750,vs_left,-0.0032308296891136166,0.03212061205461007
4,0.03535144174372369,15250,vs_right,0.0028632857177867555,0.038214727461510445
4,0.03535144174372369,15750,vs_left,-0.009153975195726506,0.026197466547997185
4,0.03535144174372369,16250,vs_right,-0.03787343319086893,-0.0025219914471452387
4,0.03535144174372369,16750,vs_left,-0.0328255398751188,0.0025259018686048934
4,0.03535144174372369,17250,vs_right,0.0310874218682347,0.06643886361195839
4,0.03535144174372369,17750,vs_left,-0.012498073354008002,0.02285336838971569
4,0.03535144174372369,18250,vs_right,0.007760806206817097,0.04311224795054079
4,0.03535144174372369,18750,vs_left,-0.029087831066402593,0.006263610677321098
4,0.03535144174372369,19250,vs_right,0.016237540528273947,0.05158898227199764
4,0.03535144174372369,19750,vs_left,0.005107531886681639,0.04045897363040533
5,0.014707513421768873,250,vs_right,0.009787915883382922,0.024495429305151795
5,0.014707513421768873,750,vs_left,-0.0033991410878379336,0.011308372333930939
5,0.014707513421768873,1250,vs_right,0.02313203694900581,0.03783955037077468
5,0.014707513421768873,1750,vs_left,-0.03993938087618608,-0.025231867454417203
5,0.014707513421768873,2250,vs_right,-0.012133799637120964,0.002573713784647909
5,0.014707513421768873,2750,vs_left,-0.019885710200828025,-0.005178196779059152
5,0.014707513421768873,3250,vs_right,0.01347828662780294,0.028185800049571816
5,0.014707513421768873,3750,vs_left,0.02090888398699109,0.035616397408759964
5,0.014707513421768873,4250,vs_right,-0.03144344141943624,-0.016735927997667363
5,0.014707513421768873,4750,vs_left,0.023017964259719845,0.03772547768148872
5,0.014707513421768873,5250,vs_right,-0.026309857450241638,-0.011602344028472765
5,0.014707513421768873,5750,vs_left,-0.040095531425162596,-0.02538801800339372
5,0.014707513421768873,6250,vs_right,0.04531426594057711,0.060021779362345984
5,0.014707513421768873,6750,vs_left,0.008399653910723833,0.023107167332492705
5,0.014707513421768873,7250,vs_right,-0.013861180389183487,0.000846333032585387
5,0.014707513421768873,7750,vs_left,-0.010897317724343143,0.0038101956974257306
5,0.014707513421768873,8250,vs_right,0.04102013353320856,0.055727646954977436
5,0.014707513421768873,8750,vs_left,0.0037374829772388457,0.01844499639900772
5,0.014707513421768873,9250,vs_right,0.023628831155500157,0.03833634457726903
5,0.014707513421768873,9750,vs_left,-0.004032998826432719,0.010674514595336155
5,0.014707513421768873,10250,vs_right,0.030971456633260303,0.045678970055029175
5,0.014707513421768873,10750,vs_left,-0.01709989726389872,-0.002392383842129848
5,0.014707513421768873,11250,vs_right,-0.007179089918163114,0.00752842350360576
5,0.014707513421768873,11750,vs_left,-0.03494817282405372,-0.020240659402284845
5,0.014707513421768873,12250,vs_right,0.021375057641239,0.03608257106300787
5,0.014707513421768873,12750,vs_left,-0.007684608798149893,0.00702290462361898
5,0.014707513421768873,13250,vs_right,0.009493496455217859,0.024201009876986732
5,0.014707513421768873,13750,vs_left,-0.015817105084319247,-0.001109591662550374
5,0.014707513421768873,14250,vs_right,0.007247291311254474,0.021954804733023348
5,0.014707513421768873,14750,vs_left,-0.01217624472336897,0.0025312686983999036
5,0.014707513421768873,15250,vs_right,-0.018296525084933235,-0.0035890116631643616
5,0.014707513421768873,15750,vs_left,-0.008673235846562781,0.006034277575206092
5,0.014707513421768873,16250,vs_right,-0.04682289965498948,-0.032115386233220605
5,0.014707513421768873,16750,vs_left,-0.03396020604193188,-0.019252692620163006
5,0.014707513421768873,17250,vs_right,-0.05685177169333086,-0.042144258271561985
5,0.014707513421768873,17750,vs_left,0.026043111394659313,0.04075062481642819
5,0.014707513421768873,18250,vs_right,0.002668490373964476,0.017376003795733348
5,0.014707513421768873,18750,vs_left,0.013092708851557236,0.02780022227332611
5,0.014707513421768873,19250,vs_right,-0.0440989161093934,-0.029391402687624524
5,0.014707513421768873,19750,vs_left,0.037767518438653294,0.05247503186042217
6,-0.009350647305880998,250,vs_right,-0.02076218350501321,-0.030112830810894206
6,-0.009350647305880998,750,vs_left,-0.007374080305014294,-0.01672472761089529
6,-0.009350647305880998,1250,vs_right,0.00010025162175409336,-0.009250395684126904
6,-0.009350647305880998,1750,vs_left,-0.013163963415997028,-0.022514610721878027
6,-0.009350647305880998,2250,vs_right,-0.006892830243353361,-0.01624347754923436
6,-0.009350647305880998,2750,vs_left,0.027795602060970488,0.01844495475508949
6,-0.009350647305880998,3250,vs_right,0.004781411656373465,-0.0045692356495075324
6,-0.009350647305880998,3750,vs_left,-0.01715457958349485,-0.026505226889375847
6,-0.009350647305880998,4250,vs_right,-0.03407661899930311,-0.043427266305184106
6,-0.009350647305880998,4750,vs_left,0.0007171473415722376,-0.00863349996430876
6,-0.009350647305880998,5250,vs_right,-0.03748314578598996,-0.04683379309187096
6,-0.009350647305880998,5750,vs_left,0.02581043643443899,0.016459789128557993
6,-0.009350647305880998,6250,vs_right,-0.0176515419020451,-0.0270021892079261
6,-0.009350647305880998,6750,vs_left,0.008094017626383189,-0.0012566296794978091
6,-0.009350647305880998,7250,vs_right,0.00927735452479699,-7.329278108400734e-05
6,-0.009350647305880998,7750,vs_left,0.006208592021064496,-0.0031420552848165015
6,-0.009350647305880998,8250,vs_right,-0.029726586293191904,-0.039077233599072905
6,-0.009350647305880998,8750,vs_left,0.056913921135808565,0.04756327382992757
6,-0.009350647305880998,9250,vs_right,0.02023575023634328,0.01088510293046228
6,-0.009350647305880998,9750,vs_left,0.019972226760379803,0.010621579454498806
6,-0.009350647305880998,10250,vs_right,0.00626452377644808,-0.003086123529432918
6,-0.009350647305880998,10750,vs_left,0.010351564639597702,0.001000917333716704
6,-0.009350647305880998,11250,vs_right,-0.016636311564165833,-0.02598695887004683
6,-0.009350647305880998,11750,vs_left,0.013155412332847416,0.0038047650269664186
6,-0.009350647305880998,12250,vs_right,0.014784808288196102,0.005434160982315105
6,-0.009350647305880998,12750,vs_left,-0.002520350849131327,-0.011870998155012325
6,-0.009350647305880998,13250,vs_right,0.0010706021060929536,-0.008280045199788044
6,-0.009350647305880998,13750,vs_left,-0.014757788668737693,-0.02410843597461869
6,-0.009350647305880998,14250,vs_right,-0.03362370736840941,-0.04297435467429041
6,-0.009350647305880998,14750,vs_left,0.034146990240804045,0.024796342934923048
6,-0.009350647305880998,15250,vs_right,0.02015286742114971,0.010802220115268713
6,-0.009350647305880998,15750,vs_left,0.01838731236907047,0.009036665063189474
6,-0.009350647305880998,16250,vs_right,0.021429488512022296,0.012078841206141298
6,-0.009350647305880998,16750,vs_left,-0.043745627904282616,-0.053096275210163614
6,-0.009350647305880998,17250,vs_right,0.017845638189791353,0.008494990883910356
6,-0.009350647305880998,17750,vs_left,0.00947862602421107,0.00012797871833007159
6,-0.009350647305880998,18250,vs_right,0.03247015939402534,0.02311951208814434
6,-0.009350647305880998,18750,vs_left,-0.030869005941426886,-0.040219653247307884
6,-0.009350647305880998,19250,vs_right,-0.0008312571192887607,-0.010181904425169759
6,-0.009350647305880998,19750,vs_left,0.02201133048013451,0.012660683174253513
7,-0.02120406444520279,250,vs_right,0.03184037955802002,0.010636315112817232
7,-0.02120406444520279,750,vs_left,-0.06143167532279038,-0.08263573976799317
7,-0.02120406444520279,1250,vs_right,0.012460737388821388,-0.008743327056381402
7,-0.02120406444520279,1750,vs_left,-0.039791701934929626,-0.06099576638013242
7,-0.02120406444520279,2250,vs_right,-0.015950205794406532,-0.03715427023960932
7,-0.02120406444520279,2750,vs_left,0.008048911386612793,-0.013155153058589997
7,-0.02120406444520279,3250,vs_right,-0.01876294255061331,-0.039967006995816096
7,-0.02120406444520279,3750,vs_left,-0.005798559363351542,-0.02700262380855433
7,-0.02120406444520279,4250,vs_right,0.023941283253288616,0.002737218808085827
7,-0.02120406444520279,4750,vs_left,-0.03477939968718974,-0.055983464132392524
7,-0.02120406444520279,5250,vs_right,-0.006308736895470752,-0.02751280134067354
7,-0.02120406444520279,5750,vs_left,-0.02328342713794629,-0.044487491583149075
7,-0.02120406444520279,6250,vs_right,-0.042987183749309835,-0.06419124819451262
7,-0.02120406444520279,6750,vs_left,-0.0016764809738954495,-0.022880545419098237
7,-0.02120406444520279,7250,vs_right,0.02851964479416047,0.007315580348957681
7,-0.02120406444520279,7750,vs_left,0.01130124637503456,-0.00990281807016823
7,-0.02120406444520279,8250,vs_right,-0.03697727214787926,-0.058181336593082056
7,-0.02120406444520279,8750,vs_left,0.021500458775681623,0.0002963943304788337
7,-0.02120406444520279,9250,vs_right,0.011978137417283107,-0.009225927027919682
7,-0.02120406444520279,9750,vs_left,-0.0517959313848398,-0.07299999583004259
7,-0.02120406444520279,10250,vs_right,0.06084769071505178,0.03964362626984899
7,-0.02120406444520279,10750,vs_left,-0.05707999751214317,-0.07828406195734595
7,-0.02120406444520279,11250,vs_right,0.016188599240398175,-0.0050154652048046144
7,-0.02120406444520279,11750,vs_left,0.02245807835708152,0.0012540139118787305
7,-0.02120406444520279,12250,vs_right,-0.012253738020874002,-0.03345780246607679
7,-0.02120406444520279,12750,vs_left,-0.007422137309339526,-0.028626201754542314
7,-0.02120406444520279,13250,vs_right,-0.001680285975828137,-0.022884350421030927
7,-0.02120406444520279,13750,vs_left,-0.027095777858150823,-0.048299842303353616
7,-0.02120406444520279,14250,vs_right,-0.0035940536333966596,-0.024798118078599447
7,-0.02120406444520279,14750,vs_left,-0.007387252675258836,-0.028591317120461625
7,-0.02120406444520279,15250,vs_right,0.03414951553685318,0.012945451091650389
7,-0.02120406444520279,15750,vs_left,-0.0036212181651956773,-0.024825282610398465
7,-0.02120406444520279,16250,vs_right,-0.007198555981963964,-0.028402620427166753
7,-0.02120406444520279,16750,vs_left,0.04021042377687991,0.01900635933167712
7,-0.02120406444520279,17250,vs_right,0.0031456107438232062,-0.01805845370137958
7,-0.02120406444520279,17750,vs_left,-0.041737147591453444,-0.06294121203665623
7,-0.02120406444520279,18250,vs_right,0.011808121900880923,-0.009395942544321866
7,-0.02120406444520279,18750,vs_left,-0.03194738464905325,-0.05315144909425604
7,-0.02120406444520279,19250,vs_right,-0.007473752594894148,-0.028677817040096937
7,-0.02120406444520279,19750,vs_left,0.015519502577143615,-0.005684561868059174
8,0.028706050716107986,250,vs_right,0.0201945400766258,0.04890059079273379
8,0.028706050716107986,750,vs_left,0.00458858148225962,0.033294632198367605
8,0.028706050716107986,1250,vs_right,-0.025456341577439607,0.003249709138668379
8,0.028706050716107986,1750,vs_left,0.034796636422625336,0.06350268713873332
8,0.028706050716107986,2250,vs_right,-0.01043962001407965,0.018266430702028335
8,0.028706050716107986,2750,vs_left,-0.013279147298906857,0.015426903417201128
8,0.028706050716107986,3250,vs_right,0.0085261417521138,0.037232192468221785
8,0.028706050716107986,3750,vs_left,0.026382720379566967,0.05508877109567495
8,0.028706050716107986,4250,vs_right,-0.02900680748838995,-0.0003007567722819633
8,0.028706050716107986,4750,vs_left,-0.029381865038469936,-0.0006758143223619499
8,0.028706050716107986,5250,vs_right,-0.04531019225336254,-0.016604141537254553
8,0.028706050716107986,5750,vs_left,-0.05824035304234614,-0.029534302326238156
8,0.028706050716107986,6250,vs_right,-0.01135676562435807,0.017349285091749916
8,0.028706050716107986,6750,vs_left,-0.016021565537676027,0.012684485178431959
8,0.028706050716107986,7250,vs_right,-0.0058780088236379535,0.022828041892470032
8,0.028706050716107986,7750,vs_left,0.010483743894270946,0.03918979461037893
8,0.028706050716107986,8250,vs_right,-0.012207480775727551,0.016498569940380434
8,0.028706050716107986,8750,vs_left,-0.03743129015063162,-0.008725239434523632
8,0.028706050716107986,9250,vs_right,-0.03887643355579531,-0.010170382839687322
8,0.028706050716107986,9750,vs_left,-0.00627129919137788,0.022434751524730106
8,0.028706050716107986,10250,vs_right,-0.027212930147350014,0.0014931205687579718
8,0.028706050716107986,10750,vs_left,0.0028545978683223398,0.03156064858443033
8,0.028706050716107986,11250,vs_right,-0.0010404948417670776,0.027665555874340907
8,0.028706050716107986,11750,vs_left,0.01981110806285374,0.048517158778961726
8,0.028706050716107986,12250,vs_right,0.013040715832891809,0.041746766548999795
8,0.028706050716107986,12750,vs_left,-0.01998227878803267,0.008723771928075316
8,0.028706050716107986,13250,vs_right,-0.01666086802722324,0.012045182688884746
8,0.028706050716107986,13750,vs_left,0.0024038615905876554,0.03110991230669564
8,0.028706050716107986,14250,vs_right,0.026694822041355454,0.05540087275746344
8,0.028706050716107986,14750,vs_left,-0.00931557966920337,0.019390471046904615
8,0.028706050716107986,15250,vs_right,0.007558416995432664,0.03626446771154065
8,0.028706050716107986,15750,vs_left,0.018419492080918025,0.04712554279702601
8,0.028706050716107986,16250,vs_right,0.007323487287337913,0.036029538003445896
8,0.028706050716107986,16750,vs_left,0.018476855471291954,0.04718290618739994
8,0.028706050716107986,17250,vs_right,0.014024947611054356,0.042730998327162345
8,0.028706050716107986,17750,vs_left,-0.002734596972588278,0.02597145374351971
8,0.028706050716107986,18250,vs_right,0.01056693222377738,0.03927298293988536
8,0.028706050716107986,18750,vs_left,0.005708163625099329,0.03441421434120731
8,0.028706050716107986,19250,vs_right,0.002855081840308268,0.03156113255641625
8,0.028706050716107986,19750,vs_left,0.0031687319751803225,0.03187478269128831
9,0.018473973089071817,250,vs_right,-0.010293207584772635,0.008180765504299182
9,0.018473973089071817,750,vs_left,0.022299504720543713,0.04077347780961553
9,0.018473973089071817,1250,vs_right,-0.03647620290383434,-0.018002229814762523
9,0.018473973089071817,1750,vs_left,-0.011517656337739612,0.006956316751332205
9,0.018473973089071817,2250,vs_right,0.0006170155275430408,0.01909098861661486
9,0.018473973089071817,2750,vs_left,-0.022802094904779358,-0.0043281218157075405
9,0.018473973089071817,3250,vs_right,0.009575690580751221,0.02804966366982304
9,0.018473973089071817,3750,vs_left,-0.011921093187847301,0.006552879901224516
9,0.018473973089071817,4250,vs_right,0.013938129798674037,0.032412102887745854
9,0.018473973089071817,4750,vs_left,0.0023437804893593245,0.02081775357843114
9,0.018473973089071817,5250,vs_right,-0.04361089984326441,-0.025136926754192594
9,0.018473973089071817,5750,vs_left,-0.0010950995425232563,0.01737887354654856
9,0.018473973089071817,6250,vs_right,0.05032726300400876,0.06880123609308059
9,0.018473973089071817,6750,vs_left,0.003166419002165466,0.021640392091237283
9,0.018473973089071817,7250,vs_right,-0.009414361114234044,0.009059611974837773
9,0.018473973089071817,7750,vs_left,-0.020415849240212263,-0.001941876151140446
9,0.018473973089071817,8250,vs_right,0.03553197585620227,0.054005948945274086
9,0.018473973089071817,8750,vs_left,-0.004918066998982992,0.013555906090088825
9,0.018473973089071817,9250,vs_right,0.01359221690467288,0.0320661899937447
9,0.018473973089071817,9750,vs_left,0.020725432664557068,0.03919940575362889
9,0.018473973089071817,10250,vs_right,-0.0034083954127679863,0.01506557767630383
9,0.018473973089071817,10750,vs_left,-0.011548335817825134,0.006925637271246683
9,0.018473973089071817,11250,vs_right,-0.011507803294293434,0.006966169794778383
9,0.018473973089071817,11750,vs_left,0.03793933712102537,0.056413310210097184
9,0.018473973089071817,12250,vs_right,-0.020084176378496715,-0.0016102032894248983
9,0.018473973089071817,12750,vs_left,-0.0018429718009224658,0.01663100128814935
9,0.018473973089071817,13250,vs_right,0.003437203059620793,0.02191117614869261
9,0.018473973089071817,13750,vs_left,-0.05304028928301579,-0.03456631619394397
9,0.018473973089071817,14250,vs_right,0.019568338380545724,0.03804231146961754
9,0.018473973089071817,14750,vs_left,0.0069092438595897854,0.0253832169486616
9,0.018473973089071817,15250,vs_right,-0.008958235207943848,0.009515737881127969
9,0.018473973089071817,15750,vs_left,0.004281269112888726,0.022755242201960544
9,0.018473973089071817,16250,vs_right,0.004710882591451038,0.023184855680522854
9,0.018473973089071817,16750,vs_left,-0.025416993312977445,-0.006943020223905628
9,0.018473973089071817,17250,vs_right,-0.02054480139363217,-0.002070828304560353
9,0.018473973089071817,17750,vs_left,0.007554817048758106,0.026028790137829924
9,0.018473973089071817,18250,vs_right,0.023135344022477786,0.0416093171115496
9,0.018473973089071817,18750,vs_left,0.03147863369906001,0.04995260678813183
9,0.018473973089071817,19250,vs_right,-0.0016994094627186204,0.016774563626353198
9,0.018473973089071817,19750,vs_left,-0.0041525862206908725,0.014321386868380945
10,-0.01335912452030353,250,vs_right,0.02194094541012117,0.00858182088981764
10,-0.01335912452030353,750,vs_left,-0.028018325785067744,-0.04137745030537127
10,-0.01335912452030353,1250,vs_right,-0.011145579160101459,-0.02450470368040499
10,-0.01335912452030353,1750,vs_left,0.02335624683449765,0.00999712231419412
10,-0.01335912452030353,2250,vs_right,0.07834153873317036,0.06498241421286682
10,-0.01335912452030353,2750,vs_left,-0.04122401303794082,-0.05458313755824435
10,-0.01335912452030353,3250,vs_right,0.014032340503902386,0.0006732159835988565
10,-0.01335912452030353,3750,vs_left,0.01883328915096322,0.005474164630659691
10,-0.01335912452030353,4250,vs_right,-0.005411313026294077,-0.01877043754659761
10,-0.01335912452030353,4750,vs_left,0.013076455711419455,-0.0002826688088840741
10,-0.01335912452030353,5250,vs_right,0.02479745879061959,0.011438334270316059
10,-0.01335912452030353,5750,vs_left,0.02230324764084272,0.008944123120539191
10,-0.01335912452030353,6250,vs_right,-0.02385834445249277,-0.0372174689727963
10,-0.01335912452030353,6750,vs_left,-0.0006895743372343277,-0.014048698857537857
10,-0.01335912452030353,7250,vs_right,0.02141471259460216,0.008055588074298632
10,-0.01335912452030353,7750,vs_left,0.012540940386411466,-0.0008181841338920637
10,-0.01335912452030353,8250,vs_right,-0.0339053672364947,-0.04726449175679823
10,-0.01335912452030353,8750,vs_left,0.012997401778369503,-0.00036172274193402645
10,-0.01335912452030353,9250,vs_right,0.026589216799574517,0.013230092279270987
10,-0.01335912452030353,9750,vs_left,0.0190436620019302,0.005684537481626669
10,-0.01335912452030353,10250,vs_right,-0.04204197881835603,-0.05540110333865956
10,-0.01335912452030353,10750,vs_left,-0.02489897269392978,-0.03825809721423331
10,-0.01335912452030353,11250,vs_right,-0.0024864398748800382,-0.015845564395183566
10,-0.01335912452030353,11750,vs_left,0.004808137062705422,-0.008550987457598108
10,-0.01335912452030353,12250,vs_right,-0.010309683960367202,-0.023668808480670732
10,-0.01335912452030353,12750,vs_left,0.02291561650290148,0.009556491982597951
10,-0.01335912452030353,13250,vs_right,-0.015097169929245516,-0.028456294449549044
10,-0.01335912452030353,13750,vs_left,0.0026228199335923616,-0.010736304586711168
10,-0.01335912452030353,14250,vs_right,0.015619192167757052,0.0022600676474535224
10,-0.01335912452030353,14750,vs_left,-0.0009698884106089004,-0.014329012930912429
10,-0.01335912452030353,15250,vs_right,-0.015273623903016896,-0.028632748423320427
10,-0.01335912452030353,15750,vs_left,0.002973205868012932,-0.010385918652290597
10,-0.01335912452030353,16250,vs_right,0.022805121151994533,0.009445996631691003
10,-0.01335912452030353,16750,vs_left,0.012155504089808644,-0.0012036204304948853
10,-0.01335912452030353,17250,vs_right,0.017242814982662395,0.003883690462358865
10,-0.01335912452030353,17750,vs_left,0.007331534975130252,-0.006027589545173277
10,-0.01335912452030353,18250,vs_right,-0.0030365378056609006,-0.01639566232596443
10,-0.01335912452030353,18750,vs_left,0.012423956657748926,-0.000935167862554603
10,-0.01335912452030353,19250,vs_right,0.011030940988530188,-0.0023281835317733417
10,-0.01335912452030353,19750,vs_left,-0.02518044733757907,-0.0385395718578826
11,0.014012705033284653,250,vs_right,-0.050369627035709325,-0.03635692200242467
11,0.014012705033284653,750,vs_left,0.006482848936562065,0.020495553969846717
11,0.014012705033284653,1250,vs_right,-0.035947714226719656,-0.021935009193435002
11,0.014012705033284653,1750,vs_left,-0.038178438066601386,-0.024165733033316733
11,0.014012705033284653,2250,vs_right,-0.025937614954454943,-0.01192490992117029
11,0.014012705033284653,2750,vs_left,-0.012616823107307568,0.0013958819259770848
11,0.014012705033284653,3250,vs_right,-0.016456809063776553,-0.0024441040304918997
11,0.014012705033284653,3750,vs_left,-0.03103595240892483,-0.017023247375640177
11,0.014012705033284653,4250,vs_right,0.001544829127861141,0.015557534161145794
11,0.014012705033284653,4750,vs_left,-0.018387156658164625,-0.004374451624879972
11,0.014012705033284653,5250,vs_right,0.03348260040868507,0.047495305441969726
11,0.014012705033284653,5750,vs_left,0.036392006971009375,0.05040471200429403
11,0.014012705033284653,6250,vs_right,-0.02850738800935164,-0.014494682976066986
11,0.014012705033284653,6750,vs_left,-0.012827043351235315,0.0011856616820493382
11,0.014012705033284653,7250,vs_right,0.014692110731972664,0.028704815765257317
11,0.014012705033284653,7750,vs_left,0.006856479541086364,0.020869184574371015
11,0.014012705033284653,8250,vs_right,0.010814418568798678,0.02482712360208333
11,0.014012705033284653,8750,vs_left,0.011192851454727544,0.025205556488012197
11,0.014012705033284653,9250,vs_right,-0.03458715924179861,-0.020574454208513955
11,0.014012705033284653,9750,vs_left,0.01701256506909209,0.031025270102376743
11,0.014012705033284653,10250,vs_right,-0.0008272268200329657,0.013185478213251688
11,0.014012705033284653,10750,vs_left,0.002883309508162757,0.01689601454144741
11,0.014012705033284653,11250,vs_right,0.022851122231008932,0.03686382726429359
11,0.014012705033284653,11750,vs_left,-0.047491058603773145,-0.03347835357048849
11,0.014012705033284653,12250,vs_right,0.0024324091535766032,0.016445114186861256
11,0.014012705033284653,12750,vs_left,0.0025700818647212027,0.016582786898005856
11,0.014012705033284653,13250,vs_right,0.05054875048963784,0.0645614555229225
11,0.014012705033284653,13750,vs_left,-0.01617692224503262,-0.002164217211747966
11,0.014012705033284653,14250,vs_right,0.021028576967589686,0.035041282000874335
11,0.014012705033284653,14750,vs_left,-0.0028844111733579273,0.011128293859926726
11,0.014012705033284653,15250,vs_right,0.01303648083852149,0.027049185871806145
11,0.014012705033284653,15750,vs_left,0.0061442744061357725,0.020156979439420426
11,0.014012705033284653,16250,vs_right,0.010599490232928709,0.02461219526621336
11,0.014012705033284653,16750,vs_left,-0.03065119035765337,-0.016638485324368717
11,0.014012705033284653,17250,vs_right,-0.007446323636099901,0.006566381397184752
11,0.014012705033284653,17750,vs_left,0.010345229092967702,0.024357934126252354
11,0.014012705033284653,18250,vs_right,-0.010971001174691108,0.003041703858593545
11,0.014012705033284653,18750,vs_left,0.025110527168997473,0.03912323220228213
11,0.014012705033284653,19250,vs_right,0.04644971230258178,0.060462417335866436
11,0.014012705033284653,19750,vs_left,0.03226885287339698,0.046281557906681633
12,0.02518975640448394,250,vs_right,-0.011310105421244094,0.013879650983239846
12,0.02518975640448394,750,vs_left,-0.01815480156178374,0.007034954842700201
12,0.02518975640448394,1250,vs_right,-0.03797213574739741,-0.012782379342913472
12,0.02518975640448394,1750,vs_left,0.061386956610686216,0.08657671301517016
12,0.02518975640448394,2250,vs_right,-0.011867385451546895,0.013322370952937045
12,0.02518975640448394,2750,vs_left,0.005375539737352868,0.03056529614183681
12,0.02518975640448394,3250,vs_right,0.005076628507428984,0.030266384911912924
12,0.02518975640448394,3750,vs_left,0.018005342049066876,0.043195098453550816
12,0.02518975640448394,4250,vs_right,-0.040837264472094216,-0.015647508067610276
12,0.02518975640448394,4750,vs_left,-0.020326367062161822,0.004863389342322118
12,0.02518975640448394,5250,vs_right,0.006656558744782668,0.031846315149266606
12,0.02518975640448394,5750,vs_left,-0.009421552984575383,0.015768203419908557
12,0.02518975640448394,6250,vs_right,0.007698769448204312,0.032888525852688255
12,0.02518975640448394,6750,vs_left,0.038714555640419306,0.06390431204490324
12,0.02518975640448394,7250,vs_right,0.01307651799701115,0.03826627440149509
12,0.02518975640448394,7750,vs_left,0.025470130027557766,0.05065988643204171
12,0.02518975640448394,8250,vs_right,-0.028151400572505293,-0.002961644168021353
12,0.02518975640448394,8750,vs_left,0.01691451158217502,0.042104267986658964
12,0.02518975640448394,9250,vs_right,-0.0032678925716838254,0.021921863832800113
12,0.02518975640448394,9750,vs_left,-0.02803600988558493,-0.002846253481100989
12,0.02518975640448394,10250,vs_right,0.021279808907691235,0.04646956531217518
12,0.02518975640448394,10750,vs_left,0.03616587732673126,0.0613556337312152
12,0.02518975640448394,11250,vs_right,-0.007775894349496539,0.017413862054987402
12,0.02518975640448394,11750,vs_left,-0.0026191589695175686,0.022570597434966373
12,0.02518975640448394,12250,vs_right,0.0015167415356951552,0.026706497940179097
12,0.02518975640448394,12750,vs_left,-0.003005852906002526,0.022183903498481414
12,0.02518975640448394,13250,vs_right,0.007233689179744012,0.03242344558422795
12,0.02518975640448394,13750,vs_left,-0.05753972728583461,-0.03234997088135067
12,0.02518975640448394,14250,vs_right,-0.022357845798521767,0.002831910605962173
12,0.02518975640448394,14750,vs_left,0.016764782244709644,0.04195453864919359
12,0.02518975640448394,15250,vs_right,-0.03602617408591198,-0.01083641768142804
12,0.02518975640448394,15750,vs_left,0.07822533776155399,0.10341509416603793
12,0.02518975640448394,16250,vs_right,-0.01324955703530726,0.01194019936917668
12,0.02518975640448394,16750,vs_left,-0.00425324538611575,0.02093651101836819
12,0.02518975640448394,17250,vs_right,-0.004168046073175689,0.02102171033130825
12,0.02518975640448394,17750,vs_left,-0.015157874250533346,0.010031882153950594
12,0.02518975640448394,18250,vs_right,-0.0025839447820980104,0.02260581162238593
12,0.02518975640448394,18750,vs_left,0.025627658467199665,0.050817414871683605
12,0.02518975640448394,19250,vs_right,-0.05921513680049221,-0.03402538039600827
12,0.02518975640448394,19750,vs_left,-0.017341162315149306,0.007848594089334634
13,0.016438468074028007,250,vs_right,-0.0028343983364398266,0.013604069737588181
13,0.016438468074028007,750,vs_left,-0.01856307399137126,-0.0021246059173432516
13,0.016438468074028007,1250,vs_right,0.006796418299036307,0.023234886373064315
13,0.016438468074028007,1750,vs_left,0.009557331951651501,0.025995800025679507
13,0.016438468074028007,2250,vs_right,0.013222787788854762,0.02966125586288277
13,0.016438468074028007,2750,vs_left,0.005413255061104372,0.02185172313513238
13,0.016438468074028007,3250,vs_right,0.0024357174972681112,0.01887418557129612
13,0.016438468074028007,3750,vs_left,-0.010205018393762014,0.006233449680265993
13,0.016438468074028007,4250,vs_right,-0.042010600978431734,-0.025572132904403726
13,0.016438468074028007,4750,vs_left,0.01914234748835995,0.03558081556238796
13,0.016438468074028007,5250,vs_right,0.08025946454583988,0.09669793261986788
13,0.016438468074028007,5750,vs_left,0.005595421339328435,0.02203388941335644
13,0.016438468074028007,6250,vs_right,0.011454240782063281,0.02789270885609129
13,0.016438468074028007,6750,vs_left,-0.07360979154689291,-0.05717132347286491
13,0.016438468074028007,7250,vs_right,-0.01499098400228672,0.0014474840717412871
13,0.016438468074028007,7750,vs_left,-0.03651518957108376,-0.020076721497055753
13,0.016438468074028007,8250,vs_right,-0.006420317156335631,0.010018150917692377
13,0.016438468074028007,8750,vs_left,0.030323790837322236,0.046762258911350246
13,0.016438468074028007,9250,vs_right,0.011844835323524039,0.028283303397552046
13,0.016438468074028007,9750,vs_left,0.062192737668091816,0.07863120574211982
13,0.016438468074028007,10250,vs_right,0.014142408395304446,0.030580876469332455
13,0.016438468074028007,10750,vs_left,0.013683179540222752,0.03012164761425076
13,0.016438468074028007,11250,vs_right,-0.02432290711475084,-0.007884439040722831
13,0.016438468074028007,11750,vs_left,-0.007233624486438395,0.009204843587589613
13,0.016438468074028007,12250,vs_right,-0.014639952367549225,0.0017985157064787823
13,0.016438468074028007,12750,vs_left,-0.01797359019057614,-0.0015351221165481321
13,0.016438468074028007,13250,vs_right,-0.0153304104657051,0.0011080576083229068
13,0.016438468074028007,13750,vs_left,0.04296616364257405,0.059404631716602055
13,0.016438468074028007,14250,vs_right,0.016373350026028324,0.03281181810005633
13,0.016438468074028007,14750,vs_left,-0.010994485244735811,0.005443982829292196
13,0.016438468074028007,15250,vs_right,-0.00512738933768315,0.011311078736344857
13,0.016438468074028007,15750,vs_left,-0.00976156222944641,0.006676905844581598
13,0.016438468074028007,16250,vs_right,-0.030607584815010552,-0.014169116740982545
13,0.016438468074028007,16750,vs_left,-0.014994490052528966,0.0014439780214990407
13,0.016438468074028007,17250,vs_right,-0.005430624431080261,0.011007843642947747
13,0.016438468074028007,17750,vs_left,-0.03876659127459195,-0.022328123200563942
13,0.016438468074028007,18250,vs_right,-0.00026995824164969417,0.016168509832378313
13,0.016438468074028007,18750,vs_left,-0.005298223939345403,0.011140244134682604
13,0.016438468074028007,19250,vs_right,0.019402339449041628,0.03584080752306963
13,0.016438468074028007,19750,vs_left,0.032078054212735664,0.048516522286763675
14,-0.012673056001793168,250,vs_right,-0.011081537754336134,-0.023754593756129302
14,-0.012673056001793168,750,vs_left,-0.04607989834949672,-0.05875295435128988
14,-0.012673056001793168,1250,vs_right,-0.0036426663593163823,-0.01631572236110955
14,-0.012673056001793168,1750,vs_left,0.03029499556173896,0.01762193955994579
14,-0.012673056001793168,2250,vs_right,0.014313261640885078,0.00164020563909191
14,-0.012673056001793168,2750,vs_left,-0.020585136077259605,-0.03325819207905277
14,-0.012673056001793168,3250,vs_right,-0.0030737888873866824,-0.01574684488917985
14,-0.012673056001793168,3750,vs_left,-0.023221533219280253,-0.03589458922107342
14,-0.012673056001793168,4250,vs_right,0.023322629047844455,0.010649573046051287
14,-0.012673056001793168,4750,vs_left,0.007653789284911009,-0.005019266716882159
14,-0.012673056001793168,5250,vs_right,0.012568756642775517,-0.00010429935901765108
14,-0.012673056001793168,5750,vs_left,-0.000559678359708761,-0.013232734361501929
14,-0.012673056001793168,6250,vs_right,0.037733998872857444,0.025060942871064276
14,-0.012673056001793168,6750,vs_left,-0.008040245220520808,-0.020713301222313976
14,-0.012673056001793168,7250,vs_right,0.021477666198712917,0.008804610196919749
14,-0.012673056001793168,7750,vs_left,-0.07004317438223165,-0.08271623038402481
14,-0.012673056001793168,8250,vs_right,0.02883822829872239,0.016165172296929223
14,-0.012673056001793168,8750,vs_left,-0.004893790554454759,-0.017566846556247927
14,-0.012673056001793168,9250,vs_right,0.0051958308220340374,-0.007477225179759131
14,-0.012673056001793168,9750,vs_left,-0.007654409467990772,-0.02032746546978394
14,-0.012673056001793168,10250,vs_right,-0.0032668086519184176,-0.015939864653711586
14,-0.012673056001793168,10750,vs_left,-0.004033044531465093,-0.016706100533258262
14,-0.012673056001793168,11250,vs_right,0.04216112571173083,0.02948806970993766
14,-0.012673056001793168,11750,vs_left,0.0041557262640498326,-0.008517329737743336
14,-0.012673056001793168,12250,vs_right,-0.0385667752580432,-0.051239831259836374
14,-0.012673056001793168,12750,vs_left,0.017438591079979145,0.004765535078185976
14,-0.012673056001793168,13250,vs_right,-0.04447928563014013,-0.05715234163193329
14,-0.012673056001793168,13750,vs_left,-1.1660191867225089e-05,-0.012684716193660394
14,-0.012673056001793168,14250,vs_right,0.023164712725970427,0.010491656724177258
14,-0.012673056001793168,14750,vs_left,0.025890346035036843,0.013217290033243675
14,-0.012673056001793168,15250,vs_right,0.03552191436849383,0.02284885836670066
14,-0.012673056001793168,15750,vs_left,-0.016287839949334526,-0.028960895951127694
14,-0.012673056001793168,16250,vs_right,0.002700239266583209,-0.00997281673520996
14,-0.012673056001793168,16750,vs_left,0.06152968555588754,0.048856629554094366
14,-0.012673056001793168,17250,vs_right,-0.008559943910130643,-0.02123299991192381
14,-0.012673056001793168,17750,vs_left,-0.013551633068128639,-0.026224689069921807
14,-0.012673056001793168,18250,vs_right,0.02074338040593468,0.008070324404141512
14,-0.012673056001793168,18750,vs_left,0.03933387715772848,0.02666082115593531
14,-0.012673056001793168,19250,vs_right,0.0021502500434075617,-0.010522805958385607
14,-0.012673056001793168,19750,vs_left,0.04589274962007743,0.033219693618284266
15,0.05402050112417495,250,vs_right,0.020159980538804995,0.07418048166297994
15,0.05402050112417495,750,vs_left,-0.054092862470297313,-7.236134612236683e-05
15,0.05402050112417495,1250,vs_right,-0.0004354005780954084,0.05358510054607954
15,0.05402050112417495,1750,vs_left,-0.0031336640602094117,0.05088683706396553
15,0.05402050112417495,2250,vs_right,-0.013967392087264857,0.04005310903691009
15,0.05402050112417495,2750,vs_left,0.013298150442923807,0.06731865156709875
15,0.05402050112417495,3250,vs_right,0.0006457946325125266,0.05466629575668747
15,0.05402050112417495,3750,vs_left,0.06647381390032418,0.12049431502449913
15,0.05402050112417495,4250,vs_right,0.029322837643927152,0.0833433387681021
15,0.05402050112417495,4750,vs_left,0.016073257379980783,0.07009375850415572
15,0.05402050112417495,5250,vs_right,-0.02101571823897612,0.03300478288519883
15,0.05402050112417495,5750,vs_left,0.018413405604585972,0.07243390672876092
15,0.05402050112417495,6250,vs_right,0.027935157231480948,0.0819556583556559
15,0.05402050112417495,6750,vs_left,0.034215021634131225,0.08823552275830618
15,0.05402050112417495,7250,vs_right,0.024876626281806827,0.07889712740598177
15,0.05402050112417495,7750,vs_left,0.0194793203907477,0.07349982151492265
15,0.05402050112417495,8250,vs_right,-0.00803230284177849,0.045988198282396454
15,0.05402050112417495,8750,vs_left,0.03900466563489571,0.09302516675907066
15,0.05402050112417495,9250,vs_right,0.0254735952009875,0.07949409632516244
15,0.05402050112417495,9750,vs_left,-0.0038247797993975646,0.050195721324777384
15,0.05402050112417495,10250,vs_right,-0.030910869219247218,0.02310963190492773
15,0.05402050112417495,10750,vs_left,-0.04224164901858715,0.011778852105587795
15,0.05402050112417495,11250,vs_right,-0.00891742817209199,0.045103072952082955
15,0.05402050112417495,11750,vs_left,0.06559167335430942,0.11961217447848436
15,0.05402050112417495,12250,vs_right,-0.025437809321998836,0.02858269180217611
15,0.05402050112417495,12750,vs_left,-0.020938495779045087,0.03308200534512986
15,0.05402050112417495,13250,vs_right,-0.003934064743437892,0.05008643638073705
15,0.05402050112417495,13750,vs_left,0.0032718958315887206,0.057292396955763665
15,0.05402050112417495,14250,vs_right,0.025310414871637855,0.0793309159958128
15,0.05402050112417495,14750,vs_left,0.027620717233104476,0.08164121835727942
15,0.05402050112417495,15250,vs_right,-0.014335304757995354,0.03968519636617959
15,0.05402050112417495,15750,vs_left,0.0021425599144939372,0.05616306103866888
15,0.05402050112417495,16250,vs_right,0.012490507765901817,0.06651100889007676
15,0.05402050112417495,16750,vs_left,-0.018947048402155584,0.035073452722019366
15,0.05402050112417495,17250,vs_right,0.001741334243006528,0.055761835367181475
15,0.05402050112417495,17750,vs_left,0.04295717003443931,0.09697767115861425
15,0.05402050112417495,18250,vs_right,-0.002550166840369973,0.05147033428380497
15,0.05402050112417495,18750,vs_left,-0.012308482455034596,0.04171201866914035
15,0.05402050112417495,19250,vs_right,-0.01860450823303694,0.035415992891138004
15,0.05402050112417495,19750,vs_left,-0.04492999210572902,0.009090509018445929
16,-0.001358115342895446,250,vs_right,0.006038001266203482,0.004679885923308036
16,-0.001358115342895446,750,vs_left,-0.009525129869435265,-0.010883245212330712
16,-0.001358115342895446,1250,vs_right,-0.01652034147917709,-0.017878456822072536
16,-0.001358115342895446,1750,vs_left,-0.04545176192591669,-0.04680987726881214
16,-0.001358115342895446,2250,vs_right,0.017978622536113417,0.016620507193217973
16,-0.001358115342895446,2750,vs_left,-0.007347673163130403,-0.008705788506025849
16,-0.001358115342895446,3250,vs_right,0.004810956520193427,0.0034528411772979813
16,-0.001358115342895446,3750,vs_left,-0.015419249091375292,-0.016777364434270737
16,-0.001358115342895446,4250,vs_right,0.0031519878434055136,0.0017938725005100676
16,-0.001358115342895446,4750,vs_left,-0.02297429750429181,-0.024332412847187256
16,-0.001358115342895446,5250,vs_right,0.01552206179420073,0.014163946451305283
16,-0.001358115342895446,5750,vs_left,0.017614607772270637,0.016256492429375193
16,-0.001358115342895446,6250,vs_right,-0.015097931365420609,-0.016456046708316054
16,-0.001358115342895446,6750,vs_left,0.03175166251267812,0.030393547169782677
16,-0.001358115342895446,7250,vs_right,-0.007892446654436856,-0.009250561997332303
16,-0.001358115342895446,7750,vs_left,-0.014000679127916391,-0.015358794470811838
16,-0.001358115342895446,8250,vs_right,0.015573043956893197,0.01421492861399775
16,-0.001358115342895446,8750,vs_left,-0.024486916142398004,-0.02584503148529345
16,-0.001358115342895446,9250,vs_right,0.001823376748889785,0.0004652614059943391
16,-0.001358115342895446,9750,vs_left,0.0008615451973169174,-0.0004965701455785286
16,-0.001358115342895446,10250,vs_right,0.004140824480390739,0.002782709137495293
16,-0.001358115342895446,10750,vs_left,0.007558402190662778,0.006200286847767331
16,-0.001358115342895446,11250,vs_right,-9.999470118105681e-05,-0.0014581100440765027
16,-0.001358115342895446,11750,vs_left,-0.015910360333555803,-0.017268475676451248
16,-0.001358115342895446,12250,vs_right,0.020071923605330718,0.018713808262435273
16,-0.001358115342895446,12750,vs_left,-0.044559553350383585,-0.04591766869327903
16,-0.001358115342895446,13250,vs_right,0.015382862722247752,0.014024747379352305
16,-0.001358115342895446,13750,vs_left,0.01975833957087833,0.018400224227982886
16,-0.001358115342895446,14250,vs_right,0.045240766683011524,0.043882651340116076
16,-0.001358115342895446,14750,vs_left,0.016261926996938268,0.014903811654042821
16,-0.001358115342895446,15250,vs_right,-0.01638715909369452,-0.017745274436589964
16,-0.001358115342895446,15750,vs_left,0.0033812476245664276,0.0020231322816709816
16,-0.001358115342895446,16250,vs_right,0.026560927698175887,0.025202812355280442
16,-0.001358115342895446,16750,vs_left,0.021962303328523173,0.020604187985627728
16,-0.001358115342895446,17250,vs_right,-0.016877445127397642,-0.018235560470293087
16,-0.001358115342895446,17750,vs_left,-0.0018061213149586542,-0.0031642366578541
16,-0.001358115342895446,18250,vs_right,-0.043642091103531545,-0.045000206446426994
16,-0.001358115342895446,18750,vs_left,0.023739324740583673,0.02238120939768823
16,-0.001358115342895446,19250,vs_right,-0.0005131311150279806,-0.0018712464579234266
16,-0.001358115342895446,19750,vs_left,0.006562397942867395,0.005204282599971948
17,0.0046244432995642204,250,vs_right,-0.035919856118100287,-0.03129541281853607
17,0.0046244432995642204,750,vs_left,0.01708869485630142,0.02171313815586564
17,0.0046244432995642204,1250,vs_right,-0.02205983442206695,-0.01743539112250273
17,0.0046244432995642204,1750,vs_left,-0.026090912956127178,-0.02146646965656296
17,0.0046244432995642204,2250,vs_right,0.008657524050009548,0.013281967349573768
17,0.0046244432995642204,2750,vs_left,0.037290828578574985,0.041915271878139204
17,0.0046244432995642204,3250,vs_right,0.014777585737278071,0.01940202903684229
17,0.0046244432995642204,3750,vs_left,0.03413834960798974,0.03876279290755396
17,0.0046244432995642204,4250,vs_right,0.006781661620498468,0.01140610492006269
17,0.0046244432995642204,4750,vs_left,-0.01872160870529392,-0.014097165405729702
17,0.0046244432995642204,5250,vs_right,-0.043591051498082053,-0.038966608198517834
17,0.0046244432995642204,5750,vs_left,0.003993960963503292,0.008618404263067512
17,0.0046244432995642204,6250,vs_right,-0.05826260938169277,-0.05363816608212855
17,0.0046244432995642204,6750,vs_left,-0.02673430165631891,-0.02210985835675469
17,0.0046244432995642204,7250,vs_right,0.04587403586713791,0.05049847916670213
17,0.0046244432995642204,7750,vs_left,0.0029949607943308377,0.007619404093895058
17,0.0046244432995642204,8250,vs_right,0.03329699239747587,0.03792143569704009
17,0.0046244432995642204,8750,vs_left,-0.04342598220987932,-0.0388015389103151
17,0.0046244432995642204,9250,vs_right,0.016751783469236985,0.021376226768801205
17,0.0046244432995642204,9750,vs_left,-0.06468648869839631,-0.060062045398832094
17,0.0046244432995642204,10250,vs_right,0.05402398590100315,0.05864842920056737
17,0.0046244432995642204,10750,vs_left,-0.025965586086920373,-0.021341142787356153
17,0.0046244432995642204,11250,vs_right,0.03283136852859638,0.0374558118281606
17,0.0046244432995642204,11750,vs_left,0.009315416576534098,0.013939859876098318
17,0.0046244432995642204,12250,vs_right,0.012080188046565906,0.016704631346130126
17,0.0046244432995642204,12750,vs_left,-0.016054588795773306,-0.011430145496209087
17,0.0046244432995642204,13250,vs_right,0.001702090580247048,0.006326533879811269
17,0.0046244432995642204,13750,vs_left,0.004758774569623999,0.00938321786918822
17,0.0046244432995642204,14250,vs_right,0.01936280102970203,0.02398724432926625
17,0.0046244432995642204,14750,vs_left,0.021947833570904615,0.026572276870468835
17,0.0046244432995642204,15250,vs_right,-0.06475312937543702,-0.0601286860758728
17,0.0046244432995642204,15750,vs_left,0.013526231305823963,0.018150674605388183
17,0.0046244432995642204,16250,vs_right,0.03931897900959563,0.043943422309159846
17,0.0046244432995642204,16750,vs_left,-0.019579809945321578,-0.014955366645757358
17,0.0046244432995642204,17250,vs_right,-0.0038449721599283304,0.00077947113963589
17,0.0046244432995642204,17750,vs_left,0.04441169119703233,0.04903613449659655
17,0.0046244432995642204,18250,vs_right,-0.018887722469662596,-0.014263279170098377
17,0.0046244432995642204,18750,vs_left,-0.0571511218987002,-0.05252667859913598
17,0.0046244432995642204,19250,vs_right,0.005673172167881081,0.0102976154674453
17,0.0046244432995642204,19750,vs_left,-0.005884624549688958,-0.0012601812501247377
18,-0.000549578897171387,250,vs_right,-0.007270597580529637,-0.007820176477701024
18,-0.000549578897171387,750,vs_left,-0.04031494457088145,-0.04086452346805284
18,-0.000549578897171387,1250,vs_right,-0.012004482636373654,-0.012554061533545042
18,-0.000549578897171387,1750,vs_left,-0.01674501519998529,-0.01729459409715668
18,-0.000549578897171387,2250,vs_right,0.011137999425837021,0.010588420528665633
18,-0.000549578897171387,2750,vs_left,0.023296728761384125,0.022747149864212737
18,-0.000549578897171387,3250,vs_right,0.016390933234373305,0.015841354337201918
18,-0.000549578897171387,3750,vs_left,0.049194244417129725,0.04864466551995834
18,-0.000549578897171387,4250,vs_right,0.04765893476197927,0.047109355864807884
18,-0.000549578897171387,4750,vs_left,0.020484890339096083,0.019935311441924695
18,-0.000549578897171387,5250,vs_right,-0.00798447077001193,-0.008534049667183317
18,-0.000549578897171387,5750,vs_left,0.02843643680685286,0.027886857909681474
18,-0.000549578897171387,6250,vs_right,0.024099381109623983,0.023549802212452595
18,-0.000549578897171387,6750,vs_left,-5.5603722294432994e-05,-0.00060518261946582
18,-0.000549578897171387,7250,vs_right,0.013466658704093734,0.012917079806922346
18,-0.000549578897171387,7750,vs_left,0.04944474440724532,0.04889516551007393
18,-0.000549578897171387,8250,vs_right,-0.042412354955990106,-0.042961933853161494
18,-0.000549578897171387,8750,vs_left,0.0071724138870312,0.006622834989859813
18,-0.000549578897171387,9250,vs_right,0.006842279859522392,0.006292700962351005
18,-0.000549578897171387,9750,vs_left,-0.019656122851914506,-0.020205701749085894
18,-0.000549578897171387,10250,vs_right,-0.03329261810056902,-0.03384219699774041
18,-0.000549578897171387,10750,vs_left,0.02295009679312912,0.022400517895957733
18,-0.000549578897171387,11250,vs_right,-0.02698783384718427,-0.027537412744355658
18,-0.000549578897171387,11750,vs_left,0.004028609234309059,0.003479030337137672
18,-0.000549578897171387,12250,vs_right,0.03319388044209604,0.032644301544924655
18,-0.000549578897171387,12750,vs_left,-0.05200355292728072,-0.05255313182445211
18,-0.000549578897171387,13250,vs_right,-0.024103184334912583,-0.02465276323208397
18,-0.000549578897171387,13750,vs_left,0.00033256846601984423,-0.00021701043115154276
18,-0.000549578897171387,14250,vs_right,-0.0682117407955942,-0.06876131969276558
18,-0.000549578897171387,14750,vs_left,-0.007539401599051589,-0.008088980496222977
18,-0.000549578897171387,15250,vs_right,-0.023666042315835023,-0.02421562121300641
18,-0.000549578897171387,15750,vs_left,-0.029898056965579387,-0.030447635862750774
18,-0.000549578897171387,16250,vs_right,-0.03465389284953673,-0.03520347174670812
18,-0.000549578897171387,16750,vs_left,0.003023799014312426,0.002474220117141039
18,-0.000549578897171387,17250,vs_right,0.0017138400393062988,0.0011642611421349117
18,-0.000549578897171387,17750,vs_left,-0.015851727104565737,-0.016401306001737125
18,-0.000549578897171387,18250,vs_right,-0.010005937268571095,-0.010555516165742483
18,-0.000549578897171387,18750,vs_left,0.02619816253712374,0.02564858363995235
18,-0.000549578897171387,19250,vs_right,-0.0558733134579476,-0.056422892355118985
18,-0.000549578897171387,19750,vs_left,-0.014607323560733616,-0.015156902457905004
19,0.01124965609531417,250,vs_right,-0.03642141693305078,-0.02517176083773661
19,0.01124965609531417,750,vs_left,-0.017568158621904025,-0.006318502526589855
19,0.01124965609531417,1250,vs_right,0.029237838591272304,0.040487494686586474
19,0.01124965609531417,1750,vs_left,0.014823558226277962,0.026073214321592132
19,0.01124965609531417,2250,vs_right,-0.029306411452014798,-0.018056755356700628
19,0.01124965609531417,2750,vs_left,-0.032448014242237685,-0.021198358146923515
19,0.01124965609531417,3250,vs_right,-0.016323720543612117,-0.005074064448297947
19,0.01124965609531417,3750,vs_left,0.00959866627250729,0.02084832236782146
19,0.01124965609531417,4250,vs_right,0.018066388360411422,0.029316044455725592
19,0.01124965609531417,4750,vs_left,-0.017093614408663162,-0.005843958313348992
19,0.01124965609531417,5250,vs_right,0.027909500421756567,0.039159156517070734
19,0.01124965609531417,5750,vs_left,-0.04252438695079078,-0.03127473085547661
19,0.01124965609531417,6250,vs_right,-0.00517205818769427,0.0060775979076199
19,0.01124965609531417,6750,vs_left,-0.017222420511236385,-0.005972764415922215
19,0.01124965609531417,7250,vs_right,-0.01663647981060991,-0.005386823715295742
19,0.01124965609531417,7750,vs_left,-0.014765440200640662,-0.0035157841053264915
19,0.01124965609531417,8250,vs_right,0.015436766230075267,0.02668642232538944
19,0.01124965609531417,8750,vs_left,0.00944932070436423,0.0206989767996784
19,0.01124965609531417,9250,vs_right,-0.014537882198833247,-0.003288226103519077
19,0.01124965609531417,9750,vs_left,-0.004030137836497509,0.007219518258816661
19,0.01124965609531417,10250,vs_right,0.026451140543893883,0.037700796639208056
19,0.01124965609531417,10750,vs_left,-0.03715482721068699,-0.02590517111537282
19,0.01124965609531417,11250,vs_right,0.010061909071194822,0.02131156516650899
19,0.01124965609531417,11750,vs_left,-0.024921140241645743,-0.013671484146331573
19,0.01124965609531417,12250,vs_right,0.024474628218351117,0.03572428431366528
19,0.01124965609531417,12750,vs_left,-0.010355520326211358,0.0008941357691028117
19,0.01124965609531417,13250,vs_right,0.016714944287455936,0.027964600382770106
19,0.01124965609531417,13750,vs_left,-0.011216232995058237,3.34231002559332e-05
19,0.01124965609531417,14250,vs_right,-0.0018578324035790313,0.009391823691735138
19,0.01124965609531417,14750,vs_left,0.0016612804617369933,0.012910936557051163
19,0.01124965609531417,15250,vs_right,-0.041309392303853665,-0.030059736208539495
19,0.01124965609531417,15750,vs_left,-0.010600729182483162,0.000648926912831008
19,0.01124965609531417,16250,vs_right,0.005228666090297678,0.01647832218561185
19,0.01124965609531417,16750,vs_left,-0.005265543777270197,0.005984112318043973
19,0.01124965609531417,17250,vs_right,-0.03767758915063733,-0.026427933055323163
19,0.01124965609531417,17750,vs_left,-0.02774048081080511,-0.01649082471549094
19,0.01124965609531417,18250,vs_right,-0.053669675524932126,-0.042420019429617956
19,0.01124965609531417,18750,vs_left,-0.03271341839126616,-0.02146376229595199
19,0.01124965609531417,19250,vs_right,-0.045780182350861114,-0.034530526255546944
19,0.01124965609531417,19750,vs_left,0.03508812770481258,0.04633778380012675
20,-0.043532343813319205,250,vs_right,0.03069167701979968,-0.012840666793519525
20,-0.043532343813319205,750,vs_left,-0.022516842892528977,-0.06604918670584818
20,-0.043532343813319205,1250,vs_right,-0.04201813974036263,-0.08555048355368183
20,-0.043532343813319205,1750,vs_left,-0.02799758923584941,-0.07152993304916862
20,-0.043532343813319205,2250,vs_right,0.0019146515244276706,-0.041617692288891533
20,-0.043532343813319205,2750,vs_left,0.0123853640101662,-0.031146979803153004
20,-0.043532343813319205,3250,vs_right,-0.032558459453870064,-0.07609080326718927
20,-0.043532343813319205,3750,vs_left,-0.039815826698338795,-0.08334817051165799
20,-0.043532343813319205,4250,vs_right,0.01199269972727768,-0.03153964408604153
20,-0.043532343813319205,4750,vs_left,-0.07533465083550583,-0.11886699464882504
20,-0.043532343813319205,5250,vs_right,0.011934408942392477,-0.03159793487092673
20,-0.043532343813319205,5750,vs_left,0.004698932935996297,-0.03883341087732291
20,-0.043532343813319205,6250,vs_right,0.04250839888355848,-0.0010239449297607256
20,-0.043532343813319205,6750,vs_left,0.02907652667385341,-0.014455817139465796
20,-0.043532343813319205,7250,vs_right,0.021361542104872157,-0.022170801708447048
20,-0.043532343813319205,7750,vs_left,-0.025778130584311554,-0.06931047439763076
20,-0.043532343813319205,8250,vs_right,0.03962089727351091,-0.003911446539808294
20,-0.043532343813319205,8750,vs_left,-0.03990396034548285,-0.08343630415880206
20,-0.043532343813319205,9250,vs_right,-0.011006923886148936,-0.05453926769946814
20,-0.043532343813319205,9750,vs_left,0.00469585042105843,-0.03883649339226077
20,-0.043532343813319205,10250,vs_right,-0.005243661498062053,-0.04877600531138126
20,-0.043532343813319205,10750,vs_left,5.381394978752056e-05,-0.043478529863531686
20,-0.043532343813319205,11250,vs_right,0.046824606187851406,0.003292262374532201
20,-0.043532343813319205,11750,vs_left,-0.018957097156952225,-0.062489440970271426
20,-0.043532343813319205,12250,vs_right,-0.04269218190683918,-0.08622452572015839
20,-0.043532343813319205,12750,vs_left,-0.02259142376202913,-0.06612376757534834
20,-0.043532343813319205,13250,vs_right,-0.03508555715945553,-0.07861790097277474
20,-0.043532343813319205,13750,vs_left,-0.002107816389024536,-0.04564016020234374
20,-0.043532343813319205,14250,vs_right,-0.017600561437659274,-0.061132905250978475
20,-0.043532343813319205,14750,vs_left,0.00946590251299524,-0.03406644130032396
20,-0.043532343813319205,15250,vs_right,-0.008194655058742685,-0.05172699887206189
20,-0.043532343813319205,15750,vs_left,-0.009208584606134263,-0.052740928419453464
20,-0.043532343813319205,16250,vs_right,0.018611036059091337,-0.024921307754227868
20,-0.043532343813319205,16750,vs_left,-0.009738420281302338,-0.053270764094621545
20,-0.043532343813319205,17250,vs_right,-0.006450849568418424,-0.04998319338173763
20,-0.043532343813319205,17750,vs_left,-0.013028860202359608,-0.05656120401567881
20,-0.043532343813319205,18250,vs_right,-0.007883974423378617,-0.051416318236697824
20,-0.043532343813319205,18750,vs_left,-0.018680611859045335,-0.06221295567236454
20,-0.043532343813319205,19250,vs_right,0.009637601823823092,-0.033894741989496116
20,-0.043532343813319205,19750,vs_left,-0.0005561288350646149,-0.04408847264838382
